Region,IncomeGroup,SpecialNotes,Country_Code,Country.Name,Number of ET network Desinations,X1960,X1961,X1962,X1963,X1964,X1965,X1966,X1967,X1968,X1969,X1970,X1971,X1972,X1973,X1974,X1975,X1976,X1977,X1978,X1979,X1980,X1981,X1982,X1983,X1984,X1985,X1986,X1987,X1988,X1989,X1990,X1991,X1992,X1993,X1994,X1995,X1996,X1997,X1998,X1999,X2000,X2001,X2002,X2003,X2004,X2005,X2006,X2007,X2008,X2009,X2010,X2011,X2012,X2013,X2014,X2015,X2016,X2017
Sub-Saharan Africa,Lower middle income,,AGO,Angola,1,NA,NA,NA,NA,NA,NA,NA,NA,NA,NA,NA,NA,NA,NA,NA,NA,NA,NA,NA,NA,NA,NA,NA,NA,NA,6684491979.00,6684491979.00,6684491979.00,6684491979.00,10026737968.00,10026737968.00,12118610904.00,5684291719.00,5278182971.00,4059352153.00,5039552482.00,7526446606.00,7648377413.00,6445041825.00,6152922943.00,9129594819.00,8936063723.00,12497346670.00,14188949191.00,19640848729.00,28233712831.00,41789478661.00,60448921272.00,84178032716.00,75492384801.00,82470913121.00,104116000000.00,115398000000.00,124912000000.00,126777000000.00,102962000000.00,95335111741.00,NA
Sub-Saharan Africa,Low income,,BDI,Burundi,0,195999990.00,202999992.00,213500006.00,232749998.00,260750008.00,158994963.00,165444571.40,178297142.90,183200000.00,190205714.30,242732571.40,252842285.70,246804571.40,304339839.60,345263492.10,420986666.70,448412753.60,547535555.60,610225555.60,782496666.70,919726666.70,969046666.70,1013222222.00,1082926304.00,987143931.20,1149979286.00,1201725497.00,1131466494.00,1082403219.00,1113924130.00,1132101253.00,1167398478.00,1083037671.00,938632612.00,925030590.20,1000428394.00,869033856.30,972896267.90,893770806.10,808077223.40,870486065.90,876794723.10,825394490.20,784654423.60,915257323.40,1117257279.00,1273180597.00,1356078278.00,1611634332.00,1739781489.00,2026864469.00,2355652126.00,2472384907.00,2714505635.00,3093647227.00,3066681387.00,3007029030.00,NA
Sub-Saharan Africa,Low income,,BEN,Benin,1,226195579.40,235668222.40,236434906.80,253927646.50,269818988.30,289908720.60,302925280.80,306222000.40,326323097.40,330748211.50,333627758.20,335072975.20,410331901.00,504376035.70,554654787.00,676870140.30,698408244.40,750049739.20,928843304.80,1186231265.00,1405251547.00,1291119965.00,1267778489.00,1095348303.00,1051133927.00,1045712703.00,1336102041.00,1562412030.00,1620246187.00,1502294411.00,1959965244.00,1986437860.00,1695315306.00,2274557914.00,1598075932.00,2169627251.00,2361116588.00,2268301538.00,2455092582.00,2689787918.00,2569186643.00,2680213931.00,3054571082.00,3905366188.00,4521424807.00,4803702821.00,5142380779.00,5969535132.00,7132787397.00,7097198712.00,6970240895.00,7814081156.00,8152554487.00,9156748441.00,9707432016.00,8290986804.00,8583031398.00,NA
Sub-Saharan Africa,Low income,,BFA,Burkina Faso,1,330442817.20,350247237.10,379567178.30,394040749.10,410321785.60,422916848.40,433889831.60,450753993.20,460442864.20,478298781.50,458404330.10,482411279.00,578595584.00,674773821.20,751133642.60,939972703.50,976547572.20,1131225279.00,1475584037.00,1748480982.00,1928720390.00,1775842680.00,1754450379.00,1600278756.00,1459880353.00,1552493414.00,2036303381.00,2369835439.00,2616040646.00,2615588546.00,3101301781.00,3135045684.00,2240264712.00,2332018011.00,1895290965.00,2379518099.00,2586550747.00,2447669404.00,2804902724.00,2993753187.00,2628920056.00,2812845514.00,3205592290.00,4205691222.00,4838551100.00,5462709498.00,5844669846.00,6771277871.00,8369637065.00,8369175126.00,8979966766.00,10724063458.00,11166063467.00,11947176342.00,12377391463.00,10419303761.00,11693235542.00,NA
Sub-Saharan Africa,Upper middle income,"Fiscal year end: March 31; reporting period for national accounts data: CY. Based on official government statistics, national accounts data have been revised from 2006 onward; the new base year is 2006. Data before 2006 were reported on a fiscal year basis.",BWA,Botswana,1,30412308.99,32902336.64,35643207.63,38091150.57,41613969.05,45790869.75,51464435.15,58646443.51,66248256.62,77356914.08,96245114.46,126957494.40,165258093.90,244129088.00,306033848.40,355172413.80,372010119.60,451603325.40,590376720.60,819877300.60,1060923829.00,1073861599.00,1014907255.00,1172258182.00,1240796365.00,1114764007.00,1392634772.00,1965274882.00,2644536804.00,3083800685.00,3790567052.00,3942792837.00,4146513722.00,4160086253.00,4259330999.00,4730611067.00,4847752843.00,5020214747.00,4790458837.00,5484257417.00,5788329609.00,5489608300.00,5438857107.00,7511582173.00,8957467707.00,9931134941.00,10126940513.00,10939053367.00,10945070442.00,10267133178.00,12786654366.00,15682926896.00,14686278707.00,14915780539.00,16259445053.00,14430573505.00,15581137274.00,NA
Sub-Saharan Africa,Low income,The source of national accounts has changed to the International Monetary Fund. The base year has reverted back to 1985; the new reference year is 2005.,CAF,Central African Republic,0,112155598.90,123134584.50,124482748.90,129379097.90,142025069.50,150574816.30,157930041.90,163820538.90,191767437.00,188039191.30,189106554.50,201450768.40,230317908.00,271183061.40,281398668.20,378660016.30,451152450.00,507298120.70,610578523.80,700764892.70,797048028.80,694803502.70,748312283.70,658679394.90,637820620.70,864849765.10,1122265026.00,1200991826.00,1264899368.00,1233930277.00,1440711396.00,1377375031.00,1411917558.00,1278781167.00,851174350.60,1115389732.00,1007791186.00,937741468.00,967338348.70,999477510.70,914500299.10,931833302.80,991387870.10,1139754799.00,1270080251.00,1337362392.00,1460562038.00,1698125618.00,1985239277.00,1981728141.00,1986014846.00,2212699747.00,2184183758.00,1518565219.00,1702898940.00,1583776760.00,1756124677.00,NA
Sub-Saharan Africa,Lower middle income,,CIV,Cote d'Ivoire,2,546203561.60,618245639.20,645284344.70,761047045.80,921063266.40,919771356.40,1024103034.00,1082922892.00,1281281246.00,1361360157.00,1455482990.00,1584128262.00,1849400600.00,2508421235.00,3070151901.00,3893839190.00,4662053708.00,6265067858.00,7900524898.00,9142935858.00,10175615442.00,8432588484.00,7567109767.00,6838185419.00,6841638715.00,6977650069.00,9158302205.00,10087653189.00,10255170460.00,9757410614.00,10795850107.00,10492628915.00,11152971316.00,11045759469.00,8313557450.00,11000146839.00,12139234939.00,11722142706.00,12612033729.00,12376639823.00,10717022463.00,11192560827.00,12346919216.00,15306602560.00,16554441847.00,17084928927.00,17800887796.00,20343635320.00,24224903100.00,24277493862.00,24884505035.00,25381616734.00,27040562587.00,31273049200.00,35372603446.00,33145096414.00,36372613023.00,NA
Sub-Saharan Africa,Lower middle income,National accounts data revised from 1993-2016.,CMR,Cameroon,4,618740988.00,657597382.80,699373701.20,723624365.30,782384527.80,814139855.80,853268771.10,934079050.30,1053077155.00,1152418515.00,1160002261.00,1233991075.00,1430951332.00,1758727395.00,2255496995.00,2752771044.00,3076592431.00,3366368665.00,4409920644.00,5811444661.00,6740756569.00,7636345827.00,7322914570.00,7381854747.00,7801858825.00,8148223604.00,10621158533.00,12302471429.00,12493286762.00,11140055364.00,11151578051.00,12434370005.00,11396310990.00,15498179313.00,10600157684.00,9643953175.00,10513387442.00,10833497458.00,10612847429.00,11198378749.00,10083937740.00,10371327756.00,11579343088.00,14548845765.00,17430933517.00,17944084201.00,19356046328.00,22365265026.00,26409781215.00,26017925552.00,26143818510.00,29337006833.00,29104437355.00,32348149947.00,34942948737.00,30916218544.00,32217497470.00,NA
Sub-Saharan Africa,Low income,WB-3 code changed from ZAR to COD to align with ISO code.,COD,"Congo, Dem. Rep.",6,3359404132.00,3086746936.00,3779841410.00,6213185774.00,2881545277.00,4043901724.00,4532660145.00,3384063360.00,3909780525.00,5032434971.00,4877684933.00,5594770352.00,6173712809.00,7870239464.00,9596960174.00,10237343153.00,9648583220.00,12344424776.00,15372607995.00,15068422242.00,14394927493.00,12537821040.00,13651667371.00,11006712649.00,7857729193.00,7195042616.00,8095367168.00,7661625473.00,8861299977.00,9021862775.00,9349764580.00,9087965282.00,8206227134.00,10707792340.00,5820383306.00,5643439262.00,5771454940.00,6090840548.00,6215591270.00,4711259427.00,19088046306.00,7438189100.00,8728038525.00,8937567060.00,10297483481.00,11964484668.00,14296507096.00,16364029327.00,19206060270.00,18262773821.00,20523285374.00,23849009738.00,27463220380.00,32671683662.00,35917650630.00,37917704900.00,35381784774.00,NA
Sub-Saharan Africa,Lower middle income,,COG,"Congo, Rep.",2,131731862.60,151675739.20,166521239.90,172233430.90,185693724.80,198318063.90,220613582.40,237397428.30,251247458.00,265040036.10,274960699.90,322128019.30,410669262.90,541973362.50,585364635.40,767102679.00,754549600.50,765224030.60,878771771.30,1198749666.00,1705796850.00,1993512326.00,2160640567.00,2097274290.00,2193581366.00,2160872541.00,1849268215.00,2297753649.00,2212536313.00,2389593022.00,2798746051.00,2724853508.00,2933222706.00,1918970178.00,1769365439.00,2116003868.00,2540697538.00,2322719101.00,1949481381.00,2353909442.00,3219910666.00,2794259783.00,3019993739.00,3495868808.00,4648628921.00,6087003176.00,7731261311.00,8394688284.00,11859013281.00,9593537551.00,12007880439.00,14425607180.00,13677930124.00,14085851348.00,14177437982.00,8553154580.00,7833508879.00,NA
Sub-Saharan Africa,Low income,,COM,Comoros,1,NA,NA,NA,NA,NA,NA,NA,NA,NA,NA,NA,NA,NA,NA,NA,NA,NA,NA,NA,NA,123505640.90,114271897.30,107089552.30,111519676.00,107489822.70,114490697.60,162487763.90,196433684.00,207476554.80,198733185.90,250030760.80,246823428.90,266191040.40,263568114.40,185761822.60,231896229.60,230495751.40,212099634.70,215394066.10,222580453.80,203846427.70,220093812.20,246737679.50,317562269.40,368143118.70,380372892.60,406111873.50,462453582.90,523134897.00,524157261.00,530493353.20,586281766.80,570865941.20,618663921.90,647720707.10,565689764.60,616654490.40,NA
Sub-Saharan Africa,Lower middle income,Cabo Verde is the name for the country previously listed as Cape Verde. Value added is measured in basic prices.,CPV,Cabo Verde,0,NA,NA,NA,NA,NA,NA,NA,NA,NA,NA,NA,NA,NA,NA,NA,NA,NA,NA,NA,NA,142246875.50,139468114.60,140630758.60,138476239.40,132019065.00,137728155.20,190651208.00,235253171.80,264308140.30,267448513.10,306891107.30,319827058.60,357160985.30,490417389.70,406580652.30,487148993.50,501979069.30,490608657.90,521910560.50,592416703.10,539227277.60,563024383.30,620974660.20,813963830.20,924318490.80,971977088.20,1107891063.00,1513934037.00,1789333749.00,1711817182.00,1664310770.00,1864824081.00,1751888562.00,1850951315.00,1858121723.00,1574288668.00,1617467436.00,NA
Middle East & North Africa,Lower middle income,,DJI,Djibouti,1,NA,NA,NA,NA,NA,NA,NA,NA,NA,NA,NA,NA,NA,NA,NA,NA,NA,NA,NA,NA,NA,NA,NA,NA,NA,340989528.00,NA,373371738.30,395794538.60,409220087.10,452328087.30,462421998.50,478058304.90,466048469.20,491689220.70,497723960.60,494004647.70,502675542.00,514267869.30,536080148.10,551230861.90,572417440.80,591122039.60,622044665.50,666072101.80,708633194.70,768873684.00,847918929.10,999105339.30,1049110685.00,1128611700.00,1239144502.00,1353632942.00,1455000000.00,1588000000.00,1727000000.00,NA,NA
Middle East & North Africa,Upper middle income,The new base year is 1999.,DZA,Algeria,0,2723648552.00,2434776646.00,2001468868.00,2703014867.00,2909351793.00,3136258897.00,3039834559.00,3370843066.00,3852115817.00,4257218772.00,4863487493.00,5077222367.00,6761786387.00,8715105930.00,13209713643.00,15557934268.00,17728347375.00,20971901273.00,26364491313.00,33243422158.00,42345277342.00,44348672668.00,45207088716.00,48801369800.00,53698278906.00,57937868670.00,63696301893.00,66742267773.00,59089067187.00,55631489802.00,62045099643.00,45715367087.00,48003298223.00,49946455211.00,42542571306.00,41764052458.00,46941496780.00,48177862502.00,48187747529.00,48640574567.00,54790245601.00,54744714396.00,56760288974.00,67863829880.00,85324998814.00,103198000000.00,117027000000.00,134977000000.00,171001000000.00,137211000000.00,161207000000.00,200019000000.00,209059000000.00,209755000000.00,213810000000.00,165874000000.00,159049000000.00,NA
Middle East & North Africa,Lower middle income,Fiscal year end: June 30; reporting period for national accounts data: FY.,EGY,"Egypt, Arab Rep.",1,NA,NA,NA,NA,NA,5111621014.00,5339520613.00,5579168510.00,6109112150.00,6861743341.00,7682491836.00,8266003571.00,8763960703.00,9616725366.00,9015166840.00,11437965585.00,13360476862.00,14636028767.00,14849909491.00,18150000571.00,22912500556.00,23405404730.00,25592365394.00,28137369499.00,30642873038.00,34689560465.00,35880262675.00,40507934171.00,35044634015.00,39648442534.00,43130416913.00,36970555899.00,41855986519.00,46578631453.00,51897983393.00,60159245060.00,67629716981.00,78436578171.00,84828807556.00,90710704807.00,99838543960.00,97632008710.00,87850683979.00,82924503943.00,78845185293.00,89685725230.00,107484000000.00,130479000000.00,162818000000.00,188982000000.00,218888000000.00,236002000000.00,279373000000.00,288586000000.00,305530000000.00,332698000000.00,332791000000.00,NA
Sub-Saharan Africa,Low income,,ERI,Eritrea,0,NA,NA,NA,NA,NA,NA,NA,NA,NA,NA,NA,NA,NA,NA,NA,NA,NA,NA,NA,NA,NA,NA,NA,NA,NA,NA,NA,NA,NA,NA,NA,NA,477101651.60,467872714.80,531688311.70,578015625.00,693535954.20,686490090.10,745526154.90,688921325.70,706370815.60,752368495.50,729321366.70,870247703.20,1109054005.00,1098425901.00,1211161880.00,1317974491.00,1380188800.00,1856695551.00,2117039512.00,2607739837.00,NA,NA,NA,NA,NA,NA
Sub-Saharan Africa,Low income,Fiscal year end: July 7; reporting period for national accounts data: FY.,ETH,Ethiopia,0,NA,NA,NA,NA,NA,NA,NA,NA,NA,NA,NA,NA,NA,NA,NA,NA,NA,NA,NA,NA,NA,7324903188.00,7707678019.00,8567890821.00,8096302367.00,9480840483.00,9848600870.00,10527338647.00,10908935749.00,11476584879.00,12175166763.00,13463868357.00,10492993078.00,8830712714.00,6927950565.00,7663984568.00,8547939731.00,8589211390.00,7818224906.00,7700833482.00,8242392104.00,8231326016.00,7850809498.00,8623691300.00,10131187261.00,12401139454.00,15280861835.00,19707616773.00,27066912635.00,32437389116.00,29933790334.00,31952763089.00,43310721414.00,47648211133.00,55612228234.00,64464547915.00,72374224249.00,NA
Sub-Saharan Africa,Upper middle income,,GAB,Gabon,2,141468977.60,167637907.40,182796536.50,154480244.20,215679855.30,226474285.60,245849781.70,271543680.30,294468564.50,318124701.00,323802475.50,381687073.10,430508357.70,722780701.10,1544216004.00,2157592937.00,3009409971.00,2809349074.00,2389479269.00,3030251116.00,4279637934.00,3862269127.00,3618007844.00,3391275731.00,3561451562.00,3339914759.00,3403638194.00,3281797039.00,3834503378.00,4186411457.00,5952293766.00,5402919957.00,5592390849.00,4378645081.00,4190819314.00,4958845906.00,5694040337.00,5326816859.00,4483417120.00,4662992036.00,5067865321.00,5018874179.00,5310381151.00,6497305662.00,7756293575.00,9578973591.00,10318424464.00,12438956756.00,15508574820.00,12065138273.00,14358585196.00,18186479173.00,17171446922.00,17590745689.00,18179717776.00,14262032471.00,14213558130.00,NA
Sub-Saharan Africa,Lower middle income,,GHA,Ghana,0,1217230095.00,1302674325.00,1382515654.00,1540797589.00,1731296200.00,2053462968.00,2126300672.00,1747187645.00,1666909518.00,1962050556.00,2215028588.00,2417108578.00,2112293280.00,2465493032.00,2894409912.00,2810106390.00,2765254360.00,3189428571.00,3662478173.00,4020227931.00,4445228057.00,4222441673.00,4035994383.00,4057275078.00,4412279865.00,4504342153.00,5727602649.00,5074829932.00,5197840973.00,5251764270.00,5889174834.00,6596546196.00,6413901602.00,5966255778.00,5444560669.00,6465137615.00,6934984709.00,6891308594.00,7480968858.00,7719354839.00,4983024408.00,5314909954.00,6166330136.00,7632406553.00,8881368538.00,10731634117.00,20409257610.00,24758819718.00,28526891010.00,25977847814.00,32174772956.00,39566292433.00,41939728979.00,47805069495.00,38616536132.00,37543361204.00,42689783734.00,NA
Sub-Saharan Africa,Low income,Base Year is 2003 and 2010 is the Reference Year and national data revised.,GIN,Guinea,0,NA,NA,NA,NA,NA,NA,NA,NA,NA,NA,NA,NA,NA,NA,NA,NA,NA,NA,NA,NA,NA,NA,NA,NA,NA,NA,1922600899.00,2041538057.00,2384295764.00,2432029380.00,2666616177.00,3014890569.00,3284625277.00,3279063318.00,3383218923.00,3693753379.00,3869032271.00,3783788551.00,3588376057.00,3461282294.00,2995360969.00,2833442750.00,2949637039.00,3446442219.00,3666349049.00,2937071767.00,4220053411.00,6281695536.00,6963961726.00,6716817572.00,6861546076.00,6785188889.00,7387103675.00,8376667793.00,8791353805.00,8767143623.00,8200248003.00,NA
Sub-Saharan Africa,Low income,Fiscal year end: June 30; reporting period for national accounts data: CY.Value added is measured in basic prices.,GMB,"Gambia, The",1,NA,NA,NA,NA,NA,NA,44212353.70,46695363.16,41160658.57,45168722.70,52296836.75,55728608.97,59161545.00,75187969.92,95797533.46,115182522.10,112189468.50,138094243.30,171836793.40,207114382.50,241080708.90,218764445.80,216051496.00,213446562.60,177338801.90,225724851.70,185646209.40,220626484.20,266673126.20,284119692.50,317083373.50,690314321.40,714255460.50,755042548.10,746491692.60,785996982.50,848237108.60,803630742.50,840285264.60,814723460.10,782915402.40,687408804.60,578236035.10,487038821.60,578785278.80,624174723.70,655068696.00,798870874.10,965769128.20,900628060.70,951804226.80,898283478.40,910026286.70,898957683.50,833240809.40,907652509.50,964599178.10,NA
Sub-Saharan Africa,Low income,,GNB,Guinea-Bissau,2,NA,NA,NA,NA,NA,NA,NA,NA,NA,NA,78733594.84,78540057.14,87702828.57,89374237.29,98775328.95,108985740.20,112386489.00,114971207.20,122666858.80,118537875.10,110653830.70,154731969.70,165523634.50,163577538.30,138478900.60,143856253.10,130225018.80,173836362.00,164458120.30,213143016.40,243961995.50,257150573.20,226313492.70,236880813.80,235619994.80,253966919.90,270419779.40,268551010.90,206457553.40,224446652.10,370173851.90,392278168.20,415843482.00,476388260.60,531109356.20,586791883.70,591829908.40,695606288.60,864136713.00,825828703.60,850633309.80,1099385895.00,989875559.10,1046117071.00,1055186196.00,1036130507.00,1164944510.00,NA
Sub-Saharan Africa,Upper middle income,,GNQ,Equatorial Guinea,1,NA,NA,9122751.45,10840095.13,12712471.40,64748333.33,69110000.00,72317446.93,67514285.71,67225714.29,66331428.57,64946954.76,65429198.24,81203226.91,94159862.71,104295643.40,103653049.90,103987520.10,NA,NA,50642880.77,36731422.85,44294647.73,44442456.95,50320914.41,62118564.85,76407396.76,93345847.73,100534663.30,88265974.58,112119406.50,110906032.10,134707184.40,136047896.20,100807001.80,141853368.30,232463036.40,442337849.50,370687618.70,621117885.70,1045998496.00,1461139022.00,1806742742.00,2484745935.00,4410764339.00,8217369093.00,10086528699.00,13071718759.00,19749893536.00,15027795173.00,16298542028.00,21329395901.00,22389627294.00,21942597765.00,21736500713.00,12597210658.00,10684804794.00,NA
Sub-Saharan Africa,Lower middle income,Fiscal year end: June 30; reporting period for national accounts data: CY.,KEN,Kenya,3,791265458.80,792959472.10,868111400.00,926589348.60,998759333.60,997919320.00,1164519673.00,1232559506.00,1353295458.00,1458379415.00,1603447357.00,1778391289.00,2107279157.00,2502142444.00,2973309272.00,3259344936.00,3474542392.00,4494378855.00,5303734883.00,6234390975.00,7265315332.00,6854491454.00,6431579357.00,5979198464.00,6191437070.00,6135034338.00,7239126717.00,7970820531.00,8355380879.00,8283114648.00,8572359163.00,8151479004.00,8209129172.00,5751789915.00,7148145376.00,9046326060.00,12045858436.00,13115773738.00,14093998844.00,12896013577.00,12705357103.00,12986007426.00,13147743911.00,14904517650.00,16095337094.00,18737897745.00,25825524821.00,31958195182.00,35895153328.00,37021512049.00,39999659234.00,41953433591.00,50412754822.00,55097343448.00,61445345999.00,63767539357.00,70529014778.00,NA
Sub-Saharan Africa,Low income,National accounts local currency data have been revised to be reported in U.S. dollars instead of Liberian dollars.,LBR,Liberia,1,190495600.00,183920900.00,191861800.00,200229600.00,218929100.00,229260800.00,244459500.00,261024300.00,276820700.00,306961800.00,323099700.00,341543100.00,368098000.00,386968300.00,486955000.00,577549300.00,596675700.00,673010600.00,717240400.00,814067900.00,854711500.00,846514500.00,863933200.00,823374900.00,848478300.00,851296100.00,840964400.00,972800000.00,1038300000.00,786300000.00,384400000.00,348000000.00,223500000.00,160400000.00,132200000.00,134800000.00,159400000.00,295900000.00,359600000.00,441800000.00,529064600.00,521000000.00,543000000.00,416000000.00,474700000.00,550000000.00,604028900.00,739027200.00,850040500.00,1155147400.00,1292697100.00,1545400000.00,1735500000.00,1946500000.00,2013000000.00,2034000000.00,2101000000.00,NA
Sub-Saharan Africa,Lower middle income,Fiscal year end: March 31; reporting period for national accounts data: CY. The new base year is 2012.,LSO,Lesotho,0,34579308.41,35699286.01,41859162.82,47039059.22,51938961.22,54878902.42,56698866.02,59260814.78,61444771.10,65966680.67,68738625.23,76482102.91,80915831.92,121181556.20,150846210.40,149560513.90,147654093.80,193307267.70,266559337.60,290142517.80,431561376.50,434188034.20,348746822.60,386699308.90,333158476.20,268626912.50,318862888.40,402774852.70,470389179.70,495404888.10,596415104.50,704329192.80,831033941.10,835592802.30,878250450.60,1001889857.00,946123275.90,997996028.60,928458206.00,912771290.60,887295267.90,825706961.20,775780697.70,1157832935.00,1511236656.00,1682350935.00,1800105590.00,1820811281.00,1870722801.00,1865963015.00,2385950664.00,2788022889.00,2678494689.00,2526009073.00,2614566292.00,2505886025.00,2291321667.00,NA
Middle East & North Africa,Lower middle income,,MAR,Morocco,0,2037150716.00,2025689537.00,2379606422.00,2657247327.00,2798339769.00,2948325264.00,2876395613.00,3046339295.00,3271415868.00,3651615453.00,3956328426.00,4356633663.00,5074117545.00,6242177798.00,7675408486.00,8984824183.00,9584323309.00,11049896742.00,13236854105.00,15912133569.00,21728770055.00,17788171722.00,17692341358.00,16251460689.00,14824728528.00,14991283216.00,19462175322.00,21765261042.00,25705296184.00,26314220188.00,30180108562.00,32285388165.00,33711069431.00,31655473664.00,35604137423.00,39030285468.00,43161452678.00,39147844526.00,41806219379.00,41632027600.00,38857251336.00,39459581217.00,42236836821.00,52064058834.00,59626020162.00,62343022651.00,68640825481.00,79041294874.00,92507257784.00,92897320376.00,93216746662.00,101370000000.00,98266306615.00,106826000000.00,110081000000.00,101187000000.00,103606000000.00,NA
Sub-Saharan Africa,Low income,,MDG,Madagascar,2,673081724.10,699161943.90,739286906.90,759345863.00,802482182.90,833563472.20,900264583.70,956436931.10,1031669636.00,1056391055.00,1111859570.00,1199507630.00,1341590682.00,1653062347.00,1917508190.00,2283049233.00,2181844194.00,2358930406.00,2669755116.00,3463565881.00,4042139901.00,3594868208.00,3526198070.00,3511573992.00,2939485472.00,2857889712.00,3258288891.00,2565634382.00,2442507588.00,2498059015.00,3081479800.00,2653141959.00,3024459564.00,3370842211.00,2977040722.00,3159901232.00,3995028593.00,3545776697.00,3738704468.00,3717515283.00,3877673539.00,4529575348.00,4397254608.00,5474030080.00,4363934494.00,5039293031.00,5515884349.00,7342923489.00,9413002921.00,8550363975.00,8729936136.00,9892702358.00,9919780071.00,10601690872.00,10673516673.00,9744243420.00,10001193420.00,NA
Sub-Saharan Africa,Low income,The new base year is 1999.,MLI,Mali,1,NA,NA,NA,NA,NA,NA,NA,275494520.10,343771964.70,339913833.10,359772363.30,430096738.40,486617332.40,563683660.30,538747268.30,830710615.20,939227993.70,1049838493.00,1222702356.00,1595423286.00,1759690812.00,1538972158.00,1333754034.00,1297765449.00,1232932008.00,1392195933.00,1852163475.00,2090629723.00,2169040742.00,2181821902.00,2681912030.00,2724131545.00,2830673389.00,2818280876.00,2081846483.00,2706425298.00,2780422212.00,2697105694.00,2920358587.00,3439463140.00,2954129566.00,3465305993.00,3889758024.00,4703504467.00,5444474268.00,6245031690.00,6899799786.00,8145694632.00,9750822511.00,10181021770.00,10678749467.00,12978107561.00,12442747897.00,13246412031.00,14388360064.00,13100058100.00,14034980334.00,NA
Sub-Saharan Africa,Low income,,MOZ,Mozambique,1,NA,NA,NA,NA,NA,NA,NA,NA,NA,NA,NA,NA,NA,NA,NA,NA,NA,NA,NA,NA,3526287037.00,3537099150.00,3612171958.00,3236430348.00,3376172170.00,4456240741.00,5247193069.00,2354117303.00,2093571674.00,2314159887.00,2512079324.00,3263761938.00,2291175765.00,2394823062.00,2460670288.00,2521738760.00,3523842275.00,4227273069.00,4873242526.00,5302532113.00,5016469069.00,4766928747.00,5031510909.00,5597367853.00,6831808930.00,7723846195.00,8312078525.00,9366742309.00,11494837053.00,10911698208.00,10154238250.00,13131168012.00,14534278446.00,16018848991.00,16961127046.00,14798439527.00,11014858592.00,NA
Sub-Saharan Africa,Lower middle income,Based on official statistics from the Ministry of Economic Affairs and Development and ONS â€“ Office National des Statistique; the base year has been returned to 2004.,MRT,Mauritania,0,92609222.69,107726181.20,111148585.60,113797356.80,151897168.10,172767213.30,180340653.80,191221777.80,210695183.80,199643444.60,209348253.60,227051055.00,265009395.10,333731874.40,414772351.90,475916514.70,524407931.90,540635389.60,544424605.10,644070364.90,709041452.20,747994681.90,750214410.70,788371855.90,726937320.80,683193885.00,802890746.90,909820553.40,957377507.50,981529400.50,1019600771.00,1443688870.00,1464392416.00,1249944999.00,1315932645.00,1415296704.00,1442598431.00,1401946853.00,1375115534.00,1405662879.00,1293654175.00,1295539448.00,1324426607.00,1563074860.00,1833444740.00,2184444849.00,3040716679.00,3356757497.00,3978425881.00,3670515288.00,4343665075.00,5179690136.00,5225533500.00,5724227185.00,5391475277.00,4844223107.00,4739298730.00,NA
Sub-Saharan Africa,Upper middle income,Authorities made significant revisions to the national accounts from 2006 to 2015.,MUS,Mauritius,0,NA,NA,NA,NA,NA,NA,NA,NA,NA,NA,NA,NA,NA,NA,NA,NA,706991274.40,827094668.00,1019630847.00,1216229419.00,1136543003.00,1147192917.00,1082939379.00,1094857358.00,1044928625.00,1080642033.00,1469046115.00,1888754655.00,2143484488.00,2191096860.00,2653480001.00,2856890681.00,3224267548.00,3263368410.00,3558137040.00,4040345933.00,4421943910.00,4187367602.00,4169664285.00,4291172816.00,4582555125.00,4536538211.00,4767303154.00,5609831328.00,6385695187.00,6283803256.00,7028803366.00,8150138757.00,9990370016.00,9128843109.00,10003670690.00,11518393367.00,11668685524.00,12129642296.00,12803445934.00,11692287066.00,12168437744.00,NA
Sub-Saharan Africa,Low income,Fiscal year end: March 31; reporting period for national accounts data: CY. The new base year is 2010.,MWI,Malawi,3,162956740.90,174576508.50,183116337.70,190816183.70,194736105.30,229455410.90,260394792.10,269814968.20,245169806.80,265810632.40,290531621.30,365386929.80,406062874.30,444281703.90,548621017.60,613220652.90,670317634.20,806290840.60,949034016.80,1058269066.00,1237655461.00,1237685692.00,1180104216.00,1223186840.00,1208008985.00,1131347798.00,1183654828.00,1183094128.00,1379924257.00,1590215583.00,1880771556.00,2203545857.00,1799517082.00,2070636936.00,1181802596.00,1397457932.00,2281034131.00,2663234934.00,1750584265.00,1775921718.00,1743506531.00,1716502862.00,3495748398.00,3208837077.00,3476094499.00,3655909664.00,3997852636.00,4432192844.00,5320925102.00,6190991712.00,6959697194.00,8003300198.00,6028470989.00,5518901971.00,6054750320.00,6373201160.00,5433038647.00,NA
Sub-Saharan Africa,Upper middle income,Fiscal year end: March 31; reporting period for national accounts data: CY.,NAM,Namibia,1,NA,NA,NA,NA,NA,NA,NA,NA,NA,NA,NA,NA,NA,NA,NA,NA,NA,NA,NA,NA,2434884951.00,2259179125.00,2128089611.00,2308102953.00,1960567071.00,1615776821.00,1816754048.00,2310454961.00,2506554607.00,2547340984.00,2804379662.00,3012742078.00,3448326858.00,3218475900.00,3636645995.00,3942478206.00,3945340776.00,4102648720.00,3826527631.00,3818954448.00,3908661518.00,3546783708.00,3361251198.00,4931312147.00,6606858786.00,7261333795.00,7978734402.00,8740865600.00,8486721917.00,8876191121.00,11282192605.00,12409629836.00,13016272899.00,12717790501.00,12786078004.00,11571141027.00,10947880690.00,NA
Sub-Saharan Africa,Low income,Value added is measured in basic prices.,NER,Niger,2,449526872.60,485785231.70,531736599.90,586294879.50,582816396.20,673383510.20,702296079.90,665586872.80,641214226.80,625867984.40,649916621.20,693573704.40,742779659.50,946385105.00,1026137112.00,1048690932.00,1064517600.00,1291458044.00,1774365588.00,2109277663.00,2508524716.00,2170893418.00,2017612218.00,1803099561.00,1461243327.00,1440581653.00,1904097001.00,2233006102.00,2280356194.00,2179567111.00,2480673305.00,2327986216.00,2344987614.00,1606581744.00,1563207225.00,1880803362.00,1987770899.00,1845599608.00,2076737357.00,2018193703.00,1798374468.00,1945327565.00,2170481509.00,2731416346.00,3052898739.00,3405134832.00,3646728060.00,4291363391.00,5403363917.00,5397121856.00,5718589799.00,6409169890.00,6942209595.00,7667951988.00,8229730067.00,7217666361.00,7528387858.00,NA
Sub-Saharan Africa,Lower middle income,,NGA,Nigeria,7,4196092258.00,4467200336.00,4909302954.00,5165489010.00,5552822484.00,5874422512.00,6366792664.00,5203135937.00,5200895982.00,6634187316.00,12545849083.00,9181769912.00,12274416018.00,15162871287.00,24846641318.00,27778934625.00,36308883249.00,36035407725.00,36527862209.00,47259911894.00,64201788123.00,61076493506.00,51397461686.00,35451565749.00,28500815241.00,28873977228.00,20721499308.00,24093203445.00,23272161397.00,24231168859.00,30757075595.00,27392886873.00,29300903643.00,15789003753.00,18086400536.00,28546958641.00,34987951375.00,35822342618.00,32004613750.00,35870792988.00,46386011231.00,44137994252.00,59116847822.00,67655813930.00,87845420504.00,112248000000.00,145430000000.00,166451000000.00,208065000000.00,169481000000.00,369062000000.00,411744000000.00,460954000000.00,514966000000.00,568499000000.00,481066000000.00,404653000000.00,NA
Sub-Saharan Africa,Low income,The New Base Year is 2014.,RWA,Rwanda,1,119000024.00,122000016.00,125000008.00,128000000.00,129999994.00,148799980.00,124525702.90,159560018.00,172200018.00,188700037.00,219900006.00,222952578.20,246457838.30,290746157.10,308458423.20,571863295.70,637754162.10,746650558.60,905709147.30,1109346221.00,1254765350.00,1407062608.00,1407242640.00,1479688126.00,1587412957.00,1715625839.00,1944711061.00,2157434025.00,2395493878.00,2405021933.00,2550185618.00,1911600970.00,2029026704.00,1971525999.00,753636370.50,1293535011.00,1382334879.00,1851558302.00,1989343495.00,1817655328.00,1734938264.00,1674685094.00,1677447150.00,1845979299.00,2089188829.00,2581465864.00,3152016557.00,3824811913.00,4860576609.00,5379378135.00,5774003744.00,6491683832.00,7315702176.00,7622526429.00,8016288347.00,8261034258.00,8376048905.00,NA
Sub-Saharan Africa,Lower middle income,"Demographic data (total population, life expectancy, fertility, child mortality, migration), education series, and HIV prevalence are reported separately for Sudan and South Sudan; see specific notes for other series. National accounts data exclude South Sudan after July 9, 2011. Other data reported for Sudan generally include South Sudan to 2011 unless otherwise noted. External debt data and land-related data (including population density, but excluding surface area after 2010) for all years include South Sudan.",SDN,Sudan,1,1307333333.00,1419333333.00,1541666667.00,1568333333.00,1611333333.00,1679333333.00,1723000000.00,1865666667.00,1947333333.00,2144333333.00,2437666667.00,2656000000.00,2882000000.00,3571666667.00,4595000000.00,5598000000.00,6979333333.00,8704000000.00,7670500000.00,9032250000.00,7459833333.00,10016500000.00,9240000000.00,8230153846.00,9701357143.00,12403733333.00,15769062500.00,20155555556.00,15399166667.00,15291507937.00,12408647541.00,11379222222.00,7034219713.00,8881785938.00,12794192334.00,13829744879.00,9018243044.00,11681494637.00,11250327988.00,10682045258.00,12257418326.00,13182979784.00,14803189093.00,17646503525.00,21457470203.00,26524538566.00,35822408612.00,45898948564.00,54526580232.00,53150209168.00,65634109237.00,67327289320.00,68125631150.00,72065940086.00,82151588419.00,97156119150.00,95584380032.00,NA
Sub-Saharan Africa,Low income,,SEN,Senegal,2,792824707.30,836493109.20,857425916.20,886387156.10,939145851.20,955834893.30,984942988.10,984605369.30,1034293645.00,983621024.10,1024832915.00,1058120427.00,1280328245.00,1471913474.00,1658273721.00,2235746645.00,2266860656.00,2320786491.00,2591178368.00,3226678628.00,3503282103.00,3176771103.00,3109677456.00,2774199193.00,2705535756.00,2962199836.00,4189860416.00,5040708115.00,4985153203.00,4913065111.00,5716644272.00,5617236033.00,6004885321.00,5678827999.00,3877196915.00,4878719133.00,5065830414.00,4672503920.00,5030344074.00,5144045360.00,4679604754.00,4877602060.00,5333862371.00,6858952880.00,8031344381.00,8707015771.00,9358710935.00,11284603071.00,13439023281.00,12814961485.00,12948906289.00,14390776644.00,14225310519.00,14851057085.00,15304363138.00,13640668374.00,14683697631.00,NA
Sub-Saharan Africa,Low income,Fiscal year end: June 30; reporting period for national accounts data: CY.,SLE,Sierra Leone,1,322009471.60,327834680.60,342721579.80,348546952.10,371848114.80,359379856.20,375479849.80,348795303.00,329860091.90,408690163.50,434410373.80,419549425.10,465381090.00,575230234.40,648590642.90,679335901.10,594895672.30,691777758.40,960728338.90,1109374722.00,1100685845.00,1114830472.00,1295361886.00,995104305.30,1087471862.00,856890498.60,490181456.60,701307602.30,1055083945.00,932974411.90,649644826.80,779981458.90,679997997.60,768812334.80,911915970.70,870758739.40,941742152.70,850218033.60,672375927.30,669384768.90,635874002.20,1079478388.00,1239004288.00,1371442566.00,1431208677.00,1627854495.00,1885112202.00,2158496873.00,2505458705.00,2489985963.00,2616610911.00,2942546781.00,3801862611.00,4920343195.00,5015180977.00,4251869870.00,3736588554.00,NA
Sub-Saharan Africa,Low income,,SOM,Somalia,1,NA,NA,NA,NA,NA,NA,NA,NA,NA,NA,NA,NA,NA,NA,NA,NA,NA,NA,NA,NA,NA,NA,NA,NA,NA,NA,NA,NA,NA,NA,NA,NA,NA,NA,NA,NA,NA,NA,NA,NA,NA,NA,NA,NA,NA,NA,NA,NA,NA,NA,NA,NA,NA,5352000000.00,5647000000.00,5925000000.00,6217000000.00,NA
Sub-Saharan Africa,Low income,"South Sudan declared its independence on July 9, 2011. Data are shown separately for South Sudan where available.",SSD,South Sudan,1,NA,NA,NA,NA,NA,NA,NA,NA,NA,NA,NA,NA,NA,NA,NA,NA,NA,NA,NA,NA,NA,NA,NA,NA,NA,NA,NA,NA,NA,NA,NA,NA,NA,NA,NA,NA,NA,NA,NA,NA,NA,NA,NA,NA,NA,NA,NA,NA,15550136279.00,12231362023.00,15727363443.00,17826697892.00,10368813559.00,13257635695.00,13282084034.00,9015221096.00,NA,NA
Sub-Saharan Africa,Lower middle income,The new base year is 2008.,STP,Sao Tome and Principe,0,NA,NA,NA,NA,NA,NA,NA,NA,NA,NA,NA,NA,NA,NA,NA,NA,NA,NA,NA,NA,NA,NA,NA,NA,NA,NA,NA,NA,NA,NA,NA,NA,NA,NA,NA,NA,NA,NA,NA,NA,NA,72230284.43,80531992.12,96343906.43,105360801.90,126194166.20,134441116.90,145827429.60,188021168.80,187821029.00,197454053.10,233213522.60,252560557.10,302925489.70,348899846.10,315880811.10,342781715.50,NA
Sub-Saharan Africa,Lower middle income,Fiscal year end: March 31; reporting period for national accounts data: CY. Authorities revised national accounts from 1999 to 2015.,SWZ,Swaziland,0,35076158.48,43025199.50,45927061.46,54128377.43,64979280.41,70278594.43,76858462.83,74758504.83,79798404.03,105417891.60,112137757.20,136465324.40,146741251.50,221902017.30,264311994.10,288302907.40,272539098.40,304047838.10,340616375.30,412093133.80,542000513.60,571542674.60,537575980.80,555336145.80,494475699.90,361014890.50,449146608.30,584135559.90,692016714.30,696915430.70,1114703088.00,1156141998.00,1284766234.00,1357206996.00,1419293455.00,1698982438.00,1602760100.00,1716699913.00,1576904292.00,1547884442.00,1738100853.00,1542477309.00,1432228125.00,2197612701.00,2770082792.00,3178126492.00,3291353836.00,3469363996.00,3294093485.00,3580417067.00,4438778424.00,4820499924.00,4823831657.00,4560713074.00,4377293816.00,4020275298.00,3720649375.00,NA
Sub-Saharan Africa,High income,,SYC,Seychelles,1,12012025.25,11592024.36,12642026.57,13923029.26,15393032.35,15603032.80,16443034.56,16632032.81,16074027.35,16452027.99,18432031.36,21965951.72,30645121.01,36896278.22,43134498.69,47803145.96,49278979.55,64526398.66,85552369.91,127261099.20,147357222.80,154902869.00,147912069.80,146712850.50,151313242.00,168887539.10,207850623.60,249267039.80,283828769.00,304832867.40,368584758.90,374359556.10,433667193.80,473916819.50,486451204.60,508221508.20,503068472.20,562958836.50,608369282.20,622985493.70,614879764.80,622262057.20,697518248.20,705704816.00,839319927.30,919103254.50,1016418229.00,1033561654.00,967199594.00,847397850.10,969936525.30,1065826670.00,1134267367.00,1411061261.00,1422530792.00,1437722206.00,1427323889.00,NA
Sub-Saharan Africa,Low income,,TCD,Chad,2,313582727.60,333975336.60,357635713.90,371767002.70,392247517.60,416926303.00,432794922.50,449826323.00,453980096.70,471635620.90,469266736.60,501866730.70,585427545.70,647199482.80,652532796.10,864602103.30,866044961.00,935360466.40,1113920123.00,1004316495.00,1033002402.00,876937559.70,834369860.40,832415806.00,919103735.30,1033069710.00,1067828247.00,1163426851.00,1482597299.00,1433686310.00,1738605558.00,1877138042.00,1881847677.00,1463251055.00,1179837955.00,1445919970.00,1607345450.00,1544689503.00,1744794457.00,1534673583.00,1385058162.00,1709347793.00,1987622279.00,2736666516.00,4414929220.00,6646663561.00,7422102656.00,8638711443.00,10351932604.00,9253484108.00,10657705536.00,12156380425.00,12368071039.00,12949854263.00,13922223234.00,10888798114.00,9600761474.00,NA
Sub-Saharan Africa,Low income,,TGO,Togo,1,121128073.10,126396469.70,132237441.60,143255784.50,166104067.60,187300336.40,216136263.90,231706475.50,241956910.70,267732446.40,253976626.20,286537525.00,335677636.90,406479906.20,560437742.60,617321669.40,619375134.20,777435020.50,824263841.50,891775906.60,1136408814.00,962347001.00,821651918.70,765746590.60,718148959.60,762359722.70,1060911735.00,1249099130.00,1378847487.00,1352949663.00,1628427515.00,1602299863.00,1692959110.00,1233496846.00,982624324.50,1309382885.00,1465448290.00,1498950899.00,1587345951.00,1576094566.00,1294250233.00,1332328999.00,1474630207.00,1673690430.00,1937074572.00,2115154262.00,2202809251.00,2523462557.00,3163416242.00,3163000529.00,3172945645.00,3756023160.00,3866617463.00,4080929201.00,4482880424.00,4087628276.00,4399995987.00,NA
Middle East & North Africa,Lower middle income,,TUN,Tunisia,0,NA,NA,NA,NA,NA,991047619.00,1040952381.00,1085714286.00,1214666667.00,1289904762.00,1439238095.00,1685217059.00,2237476420.00,2730787476.00,3545933562.00,4328610490.00,4507929104.00,5109324009.00,5968044210.00,7188191882.00,8744134354.00,8428513568.00,8133401050.00,8350176783.00,8254891864.00,8410185740.00,9018136020.00,9696271268.00,10096292842.00,10102075213.00,12290568182.00,13074782609.00,15497286296.00,14608946896.00,15632463424.00,18030876599.00,19587322786.00,20746360430.00,21803372267.00,22943685719.00,21473188882.00,22066101341.00,23142294436.00,27453084983.00,31183139301.00,32273007554.00,34378437265.00,38908069299.00,44856586316.00,43454935940.00,44050929160.00,45810626509.00,45044112939.00,46251061734.00,47587913059.00,43156708809.00,42062549395.00,NA
Sub-Saharan Africa,Low income,Tanzania reports using a blend of SNA 1993 and SNA 2008.,TZA,Tanzania,4,NA,NA,NA,NA,NA,NA,NA,NA,NA,NA,NA,NA,NA,NA,NA,NA,NA,NA,NA,NA,NA,NA,NA,NA,NA,NA,NA,NA,5100405772.00,4420168102.00,4258743263.00,4956588279.00,4601413264.00,4257702197.00,4510846968.00,5255221425.00,6496195451.00,7683852497.00,9345174219.00,9697847264.00,10185786383.00,10383560603.00,10805599893.00,11659129889.00,12825801581.00,16929976600.00,18610460327.00,21501741757.00,27368386358.00,28573777052.00,31407908612.00,33878631649.00,39087748240.00,44333456245.00,48197218327.00,45628320606.00,47340071107.00,NA
Sub-Saharan Africa,Low income,Fiscal year end: June 30; reporting period for national accounts data: FY.,UGA,Uganda,1,423008385.70,441524109.00,449012578.60,516147798.70,589056603.80,884873949.60,925770308.10,967647058.80,1037815126.00,1169047619.00,1260084034.00,1417787115.00,1491596639.00,1702521008.00,2100142653.00,2359555556.00,2447300000.00,2936470588.00,2420260870.00,2139025000.00,1244610000.00,1337300000.00,2177500000.00,2240333333.00,3615647477.00,3519666339.00,3923232122.00,6269511615.00,6508931652.00,5276480986.00,4304398866.00,3321729057.00,2857457860.00,3220439044.00,3990430447.00,5755818947.00,6044585327.00,6269333313.00,6584815847.00,5998563258.00,6193246837.00,5840503869.00,6178563591.00,6336696289.00,7940362799.00,9013834373.00,9942597780.00,12292813603.00,14239026630.00,18168902154.00,20186496527.00,20176751242.00,23132149257.00,24599553472.00,27295207928.00,27059447775.00,24078931933.00,NA
Sub-Saharan Africa,Upper middle income,Fiscal year end: March 31; reporting period for national accounts data: CY.,ZAF,South Africa,4,7575248495.00,7972840543.00,8497830043.00,9423211536.00,10373792524.00,11334173317.00,12354752905.00,13777124458.00,14894302114.00,16780064399.00,18418031639.00,20334172260.00,21358137115.00,29293948127.00,36806475350.00,38114942529.00,36601885925.00,40649724011.00,46737580497.00,57647268409.00,82984078069.00,89629496833.00,82696902010.00,88786580363.00,87880468269.00,69208451593.00,82107924006.00,107415000000.00,118332000000.00,128903000000.00,115553000000.00,123943000000.00,134545000000.00,134310000000.00,139752000000.00,155460000000.00,147608000000.00,152586000000.00,137774000000.00,136632000000.00,136362000000.00,121601000000.00,115748000000.00,175257000000.00,228937000000.00,257671000000.00,271811000000.00,299034000000.00,287100000000.00,297217000000.00,375298000000.00,416878000000.00,396333000000.00,366810000000.00,351119000000.00,317611000000.00,295456000000.00,NA
Sub-Saharan Africa,Lower middle income,"The base year is 2010. National accounts data were rebased to reflect the January 1, 2013, introduction of the new Zambian kwacha at a rate of 1,000 old kwacha = 1 new kwacha. Zambia reports using SNA 2008.",ZMB,Zambia,3,713000000.00,696285714.30,693142857.10,718714285.70,839428571.40,1082857143.00,1264285714.00,1368000000.00,1605857143.00,1965714286.00,1825285714.00,1687000000.00,1910714286.00,2268714286.00,3121833333.00,2618666667.00,2746714286.00,2483000000.00,2813375000.00,3325500000.00,3829500000.00,3872666667.00,3994777778.00,3216307692.00,2739444444.00,2281258065.00,1661948718.00,2269894737.00,3713614458.00,3998637681.00,3285217391.00,3378882353.00,3181921788.00,3273237853.00,3656647744.00,3807067122.00,3597220962.00,4303281932.00,3537683046.00,3404311977.00,3600683040.00,4094480988.00,4193845678.00,4901839731.00,6221077675.00,8331870169.00,12756858899.00,14056957976.00,17910858638.00,15328342304.00,20265556274.00,23460098340.00,25503370699.00,28045460442.00,27150630607.00,21154394546.00,21063989683.00,NA
Sub-Saharan Africa,Low income,"Fiscal year end: June 30; reporting period for national accounts data: CY. As of January 2009, multiple hard currencies, such as rand, pound sterling, euro and U.S. dollar are in use. Data are reported in U.S. dollars, the most-used currency.",ZWE,Zimbabwe,3,1052990400.00,1096646600.00,1117601600.00,1159511700.00,1217138000.00,1311435800.00,1281749500.00,1397002000.00,1479599900.00,1747998800.00,1884206300.00,2178716300.00,2677729400.00,3309353600.00,3982161400.00,4371300700.00,4318372000.00,4364382100.00,4351600500.00,5177459400.00,6678868200.00,8011373800.00,8539700700.00,7764067000.00,6352125900.00,5637259300.00,6217523700.00,6741215100.00,7814784100.00,8286322700.00,8783816700.00,8641481700.00,6751472200.00,6563813300.00,6890675000.00,7111270700.00,8553146600.00,8529571600.00,6401968200.00,6858013100.00,6689957600.00,6777384700.00,6342116400.00,5727591800.00,5805598400.00,5755215200.00,5443896500.00,5291950100.00,4415702800.00,8621573608.00,10141859710.00,12098450749.00,14242490252.00,15451768659.00,15891049236.00,16304667807.00,16619960402.00,NA